Hotel Name,Rating,Rating Description,Reviews,Star Rating,Location,Nearest Landmark,Distance to Landmark,Price,Tax
Gokulam Park,4.1,Very Good,1058,4,Chithirapuram ,city centre,10.2 km ,2728,574
Sterling Munnar,3.8,Very Good,1088,4,Chinnakanal ,city centre,19.2 km ,4451,969
Issacs Residency,4.1,Very Good,322,3,Central Munnar ,Attukal Waterfalls,950 m ,2758,684
Tea Valley Resort,4.3,Excellent,1337,4,Pallivasal ,city centre,4.8 km ,2675,756
Grand Plaza,4.3,Excellent,1058,4,Moolakadai ,Attukal Waterfalls,1.9 km ,3203,654
Misty Mountain Resort,4.2,Very Good,1934,4,Pallivasal ,city centre,7.5 km ,3145,848
Eastend Munnar,3.9,Very Good,437,4,Central Munnar ,Attukal Waterfalls,770 m ,3493,713
Seven Springs Plantation Resort,3.7,Very Good,6,3,Laxmi Estate ,city centre,12.3 km ,2255,554
Clouds Valley Leisure Hotel,4.0,Very Good,599,4,Near Munnar Bus Stand ,Attukal Waterfalls,2.2 km ,2595,530
Broad Bean Resort & Spa,4.1,Very Good,249,5,Muthirapuzhayar Road ,city centre,13.1 km ,5583,1141
KTDC Tea County,4.4,Excellent,851,4,Central Munnar ,Attukal Waterfalls,1.7 km ,5022,1026
Parakkat Nature Resorts,4.3,Excellent,1310,5,Pallivasal ,city centre,7.8 km ,9977,2682
"Chithirapuram Palace | Rooms & Restaurant
Like a 3",4.5,Excellent,96,0,Chithirapuram ,city centre,10.8 km ,2494,634
Devonshire Greens - The Leisure Hotel & Spa,3.9,Very Good,431,5,Pallivasal ,city centre,5.9 km ,4815,1177
Sn Holiday Home,4.2,Very Good,369,0,Anachal ,city centre,11.1 km ,966,229
Vibe Munnar,4.6,Excellent,136,5,Ettycity Road ,city centre,13.1 km ,7905,2380
Landy Queen Homestay | Rooms & Caretaker,4.5,Excellent,188,0,Central Munnar ,Attukal Waterfalls,1.1 km ,1279,269
juSTa Rangers Munnar,4.2,Very Good,188,4,Adimali ,city centre,23.8 km ,3481,946
The Panoramic Getaway,4.6,Excellent,939,5,Chithirapuram ,city centre,9.8 km ,11974,4617
Hotel Hillview,3.9,Very Good,501,4,Moolakadai ,Attukal Waterfalls,2.5 km ,2820,693
Tea Castle,3.8,Very Good,157,3,Chithirapuram ,city centre,9.3 km ,1791,366
"Tulsi Village Retreat | Treehouse & Cabin Stays
Like a 3",3.9,Very Good,352,0,Adimali ,city centre,21.6 km ,1545,346
Elixir Hills Suites Resort & Spa,4.2,Very Good,986,5,Laxmi Estate ,city centre,13.0 km ,7784,2092
Bellmount Resorts,3.9,Very Good,1204,3,Central Munnar ,Attukal Waterfalls,860 m ,2364,586
Amber Dale Luxury Hotel and Spa,4.4,Excellent,1047,5,Pallivasal ,city centre,6.4 km ,5661,1216
"Jungle Jive Tree House | Rooms in a Homestay
Like a 3",3.8,Very Good,10,0,Munnar ,city centre,15.0 km ,5204,1134
Abad Copper Castle Hill Valley Resort,4.2,Very Good,366,4,Near Pothamedu Viewpoint ,city centre,3.3 km ,4910,0
Chandys Windy Woods,4.8,Excellent,355,5,Chithirapuram ,city centre,8.8 km ,9000,0
Elysium Garden,4.0,Very Good,844,4,Central Munnar ,Attukal Waterfalls,2.0 km ,3320,678
The Siena Village,4.4,Excellent,551,4,Chinnakanal ,city centre,20.6 km ,3974,865
"Munnar Ice Queen | Rooms & Cottages
Like a 3",4.7,Excellent,112,0,Muthuvaankudi ,city centre,13.4 km ,2410,596
Queen Of Munnar | Rooms in a Homestay,2.8,Average,252,0,Central Munnar ,Attukal Waterfalls,2.2 km ,978,156
Le Celestium,3.6,Very Good,478,3,Central Munnar ,Attukal Waterfalls,1.7 km ,1674,378
Mercys Munnar Homestay | Room & Caretaker,3.9,Very Good,48,0,Munnar ,city centre,17.8 km ,930,290
Star Emirates Luxury Resort And Spa,4.2,Very Good,289,4,Ambazhachal ,city centre,13.8 km ,2832,875
The Hosteller Munnar,4.2,Very Good,142,0,Periyakanal-Muttukad Road ,city centre,22.8 km ,3629,792
ELEPHANT PASSAGE,4.6,Excellent,235,5,Anachal ,city centre,11.9 km ,10881,2925
Dream Coconut Villa Resort,4.1,Very Good,219,3,Chithirapuram ,city centre,11.0 km ,2543,519
Fragrant Nature Munnar,4.5,Excellent,228,5,Pallivasal ,city centre,4.3 km ,10400,1872
Munnar Castle,3.8,Very Good,519,3,Central Munnar ,Attukal Waterfalls,1.7 km ,2365,930
Westwood Riverside Garden Resort,3.4,Good,301,3,Moolakadai ,Attukal Waterfalls,2.0 km ,2428,711
Snow Line Resort,4.3,Excellent,165,3,Chithirapuram ,city centre,10.4 km ,2763,653
HOTEL WHITE HOUSE,4.4,Excellent,82,4,Anachal ,city centre,11.1 km ,5631,1346
Green Trees,3.1,Good,54,3,Chithirapuram ,city centre,10.9 km ,2706,589
Munnar Summer Castle,4.0,Very Good,40,3,Ettycity Road ,city centre,12.3 km ,2930,599
Mountain Club Resort Munnar,4.3,Excellent,420,5,Chinnakanal ,city centre,21.3 km ,9417,2531
AMUSE VISTA RESORTS AND SPA,3.9,Very Good,152,4,Anachal ,city centre,11.1 km ,2228,567
Grace Munnar,3.9,Very Good,43,0,Munnar ,city centre,14.1 km ,1814,429
MehaKira Holiday Inn | Room & Caretaker,3.9,Very Good,230,0,Central Munnar ,Attukal Waterfalls,2.0 km ,1347,352
The Club Munnar,3.1,Good,101,3,Devikulam ,city centre,14.2 km ,2630,557
Palmtree Leaf Munnar,4.2,Very Good,113,3,Ettycity Road ,city centre,11.3 km ,2696,638
Casa Montana,4.2,Very Good,396,3,Near Munnar Bus Stand ,Attukal Waterfalls,2.2 km ,3627,741
"Bison Valley Homestay | Rooms & Caretaker
Like a 3",4.4,Excellent,54,0,Bison Valley ,city centre,21.6 km ,2011,506
Munnar Tea Hills Resort,4.1,Very Good,443,4,Anachal ,city centre,10.5 km ,4519,923
SpiceTree Munnar Boutique Resort,4.6,Excellent,85,5,Periyakanal-Muttukad Road ,city centre,22.6 km ,10631,3038
Southern Panorama Indriya Resorts,4.0,Very Good,89,5,Pottankadu ,city centre,15.6 km ,3412,953
La Flora Spicewood,3.4,Good,45,0,Suryanelli ,city centre,22.4 km ,1041,213
"Cloud Castle Resorts And Spa, Munnar",4.2,Very Good,103,4,Anachal ,city centre,10.8 km ,3349,860
Tea Garden Riverside,4.2,Very Good,128,0,Moolakadai ,Attukal Waterfalls,1.3 km ,2177,445
The Lake View Resort Munnar,3.7,Very Good,192,4,Anachal ,city centre,12.3 km ,6277,472
Ragamaya Resort & Spa Munnar,4.3,Excellent,336,5,Munnar ,city centre,23.6 km ,6057,1237
"Dew Drops Farm Resorts | Rooms & Guided Treks
Like a 3",4.3,Excellent,437,0,Adimali ,city centre,19.2 km ,1719,410
Indrizzo Spice Valley Resort,3.5,Very Good,52,3,Chithirapuram ,city centre,10.3 km ,1674,342
Munnar Inn,3.6,Very Good,232,2,Central Munnar ,Attukal Waterfalls,440 m ,2046,484
The Wild Trails Munnar,4.7,Excellent,51,4,Mankulam ,city centre,19.5 km ,7374,1982
Forest Haven Resort,3.6,Very Good,246,3,Kallar Vattiyar ,city centre,16.4 km ,2046,418
The Regalia Munnar,4.1,Very Good,189,3,Chinnakanal ,city centre,21.4 km ,2371,484
Mist Inn Resort,3.6,Very Good,100,3,Pallivasal ,city centre,8.1 km ,3255,665
Swiss County,4.5,Excellent,328,4,Chithirapuram ,city centre,10.2 km ,3447,847
The Fog Munnar (Resort & Spa),4.5,Excellent,292,5,Ettycity Road ,city centre,13.2 km ,8103,2178
Skylark Holidays | Rooms & Caretaker,4.1,Very Good,17,0,Chinnakanal ,city centre,20.6 km ,3317,684
Deshadan Mountain Resort- The highest resort in Munnar,4.3,Excellent,395,4,Pallivasal ,city centre,5.8 km ,3953,808
Nature Zone Jungle Resort,4.1,Very Good,187,4,Pallivasal ,city centre,6.6 km ,6862,2124
Lumino Highrange Homestay | Room & Guided Treks,3.2,Good,221,0,Moolakadai ,Attukal Waterfalls,1.3 km ,1014,223
